<?xml version="1.0" encoding="UTF-8"?>
<beans xmlns="http://www.springframework.org/schema/beans"
       xmlns:xsi="http://www.w3.org/2001/XMLSchema-instance"
       xmlns:context="http://www.springframework.org/schema/context"
       xmlns:aop="http://www.springframework.org/schema/aop"
       xsi:schemaLocation="http://www.springframework.org/schema/beans http://www.springframework.org/schema/beans/spring-beans.xsd http://www.springframework.org/schema/context http://www.springframework.org/schema/context/spring-context.xsd http://www.springframework.org/schema/aop http://www.springframework.org/schema/aop/spring-aop.xsd">
    <bean id="logic4" class="aop.logic.Logic4">
    </bean>

    <bean id="aspect4" class="aop.aspect.Aspect4">

    </bean>
    <aop:config>
        <aop:pointcut id="pointcut1" expression="execution(* aop.logic..*.*(..))"/>

        <aop:aspect ref="aspect4">
            <!--当目标方法的返回值类型为 str 对应的类型时，才执行该方法-->
            <aop:after-returning method="afterReturning" arg-names="str" pointcut-ref="pointcut1" returning="str"/>
        </aop:aspect>

    </aop:config>


    <!--要使用autowired注解的话，需要使用component-scan-->
    <context:component-scan base-package="bean"/>
</beans>