<?xml version="1.0" encoding="UTF-8"?>
<beans xmlns="http://www.springframework.org/schema/beans"
       xmlns:xsi="http://www.w3.org/2001/XMLSchema-instance"
       xmlns:context="http://www.springframework.org/schema/context"
       xmlns:aop="http://www.springframework.org/schema/aop"
       xsi:schemaLocation="http://www.springframework.org/schema/beans http://www.springframework.org/schema/beans/spring-beans.xsd http://www.springframework.org/schema/context http://www.springframework.org/schema/context/spring-context.xsd http://www.springframework.org/schema/aop http://www.springframework.org/schema/aop/spring-aop.xsd">
    <bean id="logic4" class="aop.logic.Logic4">
    </bean>

    <bean id="aspect5" class="aop.aspect.Aspect5">

    </bean>
    <aop:config>
        <aop:pointcut id="pointcut1" expression="execution(* aop.logic..*.*(..))"/>

        <aop:aspect ref="aspect5">
            <!--当目标方法的throw exception的类型 属于 e 对应的类型时(自身类 或 子类)，才执行该方法-->
            <aop:after-throwing method="afterThrowing2" pointcut-ref="pointcut1" throwing="e"/>
        </aop:aspect>

    </aop:config>
</beans>