<?xml version="1.0" encoding="UTF-8"?>
<beans xmlns="http://www.springframework.org/schema/beans"
       xmlns:xsi="http://www.w3.org/2001/XMLSchema-instance" xmlns:p="http://www.springframework.org/schema/p"
       xmlns:aop="http://www.springframework.org/schema/aop"
       xsi:schemaLocation="http://www.springframework.org/schema/beans http://www.springframework.org/schema/beans/spring-beans.xsd http://www.springframework.org/schema/aop http://www.springframework.org/schema/aop/spring-aop.xsd">

    <bean id="logic3" class="aop.logic.Logic3">
    </bean>

    <bean id="aspect3" class="aop.aspect.Aspect3"/>

    <aop:config>
        <!--bean包下的所有方法-->
        <!--需要拥有args，且其中的 名称 必须和Aspect3中的方法中的 相同-->
        <aop:pointcut id="pointcut1" expression="execution(* aop.logic..*.*(..)) and args(number2,name2)"/>

        <aop:aspect ref="aspect3">
            <!--注意：并没有包含around advice-->
            <aop:before method="before" pointcut-ref="pointcut1"/>
            <aop:after method="after" pointcut-ref="pointcut1"/>
        </aop:aspect>
    </aop:config>
</beans>