<?xml version="1.0" encoding="UTF-8"?>
<beans xmlns="http://www.springframework.org/schema/beans"
       xmlns:xsi="http://www.w3.org/2001/XMLSchema-instance"
       xmlns:aop="http://www.springframework.org/schema/aop"
       xsi:schemaLocation="http://www.springframework.org/schema/beans http://www.springframework.org/schema/beans/spring-beans.xsd http://www.springframework.org/schema/aop http://www.springframework.org/schema/aop/spring-aop.xsd">

    <bean id="logic1" class="aop.logic.impl.Logic1">
    </bean>

    <bean id="aspect1" class="aop.aspect.Aspect1"/>

    <aop:config>
        <!--bean包下的所有方法-->
        <!--多个aspect都可使用该pointcut-->
        <aop:pointcut id="pointcut2" expression="execution(* aop.logic..*.*(..))"/>

        <aop:aspect ref="aspect1">
            <!--只有该aspect才能使用该pointcut-->
            <aop:pointcut id="pointcut1" expression="execution(* aop.logic..*.*(..))"/>

            <aop:declare-parents
                    types-matching="aop.logic.ILogic+"
                    implement-interface="aop.logic.anotherlogic.IAnotherLogic"
                    default-impl="aop.logic.anotherlogic.impl.AnotherLogicImpl"/>
        </aop:aspect>
    </aop:config>
</beans>