<?xml version="1.0" encoding="UTF-8"?>
<beans xmlns="http://www.springframework.org/schema/beans"
       xmlns:xsi="http://www.w3.org/2001/XMLSchema-instance" xmlns:p="http://www.springframework.org/schema/p"
       xmlns:aop="http://www.springframework.org/schema/aop"
       xsi:schemaLocation="http://www.springframework.org/schema/beans http://www.springframework.org/schema/beans/spring-beans.xsd http://www.springframework.org/schema/aop http://www.springframework.org/schema/aop/spring-aop.xsd">

    <bean id="logic1" class="aop.logic.impl.Logic1">
    </bean>

    <bean id="aspect1" class="aop.aspect.Aspect1"/>
    <bean id="aspect2" class="aop.aspect.Aspect2"/>
    <aop:config>
        <!--bean包下的所有方法-->
        <aop:pointcut id="pointcut1" expression="execution(* aop.logic..*.*(..))"/>

        <aop:aspect ref="aspect2">
            <aop:before method="before" pointcut-ref="pointcut1"></aop:before>
            <aop:after method="after" pointcut="execution(* aop.logic..*.*(..))"/>
        </aop:aspect>

        <aop:aspect ref="aspect1">
            <aop:before method="before" pointcut-ref="pointcut1"></aop:before>
            <aop:after method="after" pointcut="execution(* aop.logic..*.*(..))"/>
        </aop:aspect>
    </aop:config>
</beans>