<?xml version="1.0" encoding="UTF-8"?>
<beans xmlns="http://www.springframework.org/schema/beans"
       xmlns:xsi="http://www.w3.org/2001/XMLSchema-instance"
       xmlns:context="http://www.springframework.org/schema/context"
       xsi:schemaLocation="http://www.springframework.org/schema/beans http://www.springframework.org/schema/beans/spring-beans.xsd http://www.springframework.org/schema/context http://www.springframework.org/schema/context/spring-context.xsd">

    <bean id="bean7" class="bean.Bean7">
        <property name="name" value="name7"/>
    </bean>

    <bean id="bean12" class="bean.Bean1">
        <property name="name" value="name12"/>
    </bean>

    <!--先使用name匹配，如果未找到，使用type匹配（但，此时，只允许在该配置中 存在 唯一一个 该type的bean）-->
    <bean id="bean1" class="bean.Bean1">
        <property name="name" value="name1"/>
    </bean>


    <!--要使用autowired注解的话，需要使用component-scan-->
    <context:component-scan base-package="bean"/>
</beans>