<?xml version="1.0" encoding="UTF-8"?>
<beans xmlns="http://www.springframework.org/schema/beans"
       xmlns:xsi="http://www.w3.org/2001/XMLSchema-instance"
       xsi:schemaLocation="http://www.springframework.org/schema/beans http://www.springframework.org/schema/beans/spring-beans.xsd"
       default-init-method="defaultInit" default-destroy-method="defaultDestroy">

    <bean id="bean1" class="bean.Bean1" lazy-init="true">
        <constructor-arg ref="bean2"/>
        <constructor-arg name="str1" value="str1"/>

        <property name="name" value="bill"/>
        <property name="bean2" ref="bean2"/>
    </bean>

    <bean id="bean2" class="bean.Bean2">
        <property name="bean2Name" value="bean2name"/>
    </bean>

    <bean id="beanPrototype" class="bean.Bean1" scope="prototype"/>

    <bean id="bean3" class="bean.Bean3" init-method="initMethod" destroy-method="destroyMethod">

        <property name="name" value="name"/>
    </bean>

    <bean id="bean4" class="bean.Bean4"/>
    <bean id="bean5" class="bean.Bean5"/>

</beans>