<?xml version="1.0" encoding="UTF-8"?>
<beans xmlns="http://www.springframework.org/schema/beans"
       xmlns:xsi="http://www.w3.org/2001/XMLSchema-instance"
       xmlns:aop="http://www.springframework.org/schema/aop"
       xsi:schemaLocation="http://www.springframework.org/schema/beans http://www.springframework.org/schema/beans/spring-beans.xsd http://www.springframework.org/schema/aop http://www.springframework.org/schema/aop/spring-aop.xsd">

    <bean id="logic5" class="aop.logic.Logic5"/>
    <bean id="logic5Sub" class="aop.logic.Logic5Sub"/>
    <bean id="logic6" class="aop.logic.Logic6">
    </bean>
    <bean id="logic6Sub" class="aop.logic.Logic6Sub">
    </bean>


    <bean class="aop.aspect.AspectWithin"/>
    <bean class="aop.aspect.AspectTarget"/>
    <bean class="aop.aspect.AspectAnnotation"/>

    <aop:aspectj-autoproxy/>
</beans>