<?xml version="1.0" encoding="UTF-8"?>
<beans xmlns="http://www.springframework.org/schema/beans"
       xmlns:xsi="http://www.w3.org/2001/XMLSchema-instance"
       xsi:schemaLocation="http://www.springframework.org/schema/beans http://www.springframework.org/schema/beans/spring-beans.xsd">

    <bean id="replacer" class="replacer.MyReplacer">

    </bean>
    <bean id="bean9" class="bean.Bean9">
        <replaced-method name="logic" replacer="replacer">
            <arg-type match="String"/>
            <arg-type match="String"/>
        </replaced-method>
    </bean>

</beans>