<?xml version="1.0" encoding="UTF-8"?>
<beans xmlns="http://www.springframework.org/schema/beans"
       xmlns:xsi="http://www.w3.org/2001/XMLSchema-instance"
       xsi:schemaLocation="http://www.springframework.org/schema/beans http://www.springframework.org/schema/beans/spring-beans.xsd">

    <bean id="bean2" class="bean.Bean2">
        <property name="name" value="name2"/>
        <property name="bean1">
            <bean class="bean.Bean1">
                <property name="name" value="innerbean"/>
            </bean>
        </property>
    </bean>
</beans>