<?xml version="1.0" encoding="UTF-8"?>
<beans xmlns="http://www.springframework.org/schema/beans"
       xmlns:xsi="http://www.w3.org/2001/XMLSchema-instance"
       xsi:schemaLocation="http://www.springframework.org/schema/beans http://www.springframework.org/schema/beans/spring-beans.xsd">

    <bean id="bean11" class="bean.Bean1">
        <property name="name" value="name11"/>
    </bean>

    <bean id="bean12" class="bean.Bean1">
        <property name="name" value="name12"/>
    </bean>

    <bean id="bean2" class="bean.Bean2">
        <property name="name" value="name2"/>
    </bean>

    <bean id="bean8" class="bean.Bean8">
        <lookup-method name="makeBean1" bean="bean11"/>
        <lookup-method name="makeBean2"/>
    </bean>
</beans>