<?xml version="1.0" encoding="UTF-8"?>
<beans xmlns="http://www.springframework.org/schema/beans"
       xmlns:xsi="http://www.w3.org/2001/XMLSchema-instance"
       xsi:schemaLocation="http://www.springframework.org/schema/beans http://www.springframework.org/schema/beans/spring-beans.xsd">
    <import resource="spring-config2.xml"/>

    <bean id="bean1" class="bean.Bean1">
        <property name="name" value="name1"/>
    </bean>

    <bean id="bean5" class="bean.Bean5">
        <property name="bean2" ref="bean2"/>
        <property name="bean2.name" value="bean2name"/>
    </bean>
</beans>