<?xml version="1.0" encoding="UTF-8"?>
<beans xmlns="http://www.springframework.org/schema/beans"
       xmlns:xsi="http://www.w3.org/2001/XMLSchema-instance"
       xsi:schemaLocation="http://www.springframework.org/schema/beans http://www.springframework.org/schema/beans/spring-beans.xsd">
    <import resource="spring-config2.xml"/>

    <bean id="bean1" class="bean.Bean1">

        <property name="name" value="name1"/>
    </bean>
    <bean id="bean12" class="bean.Bean1">
        <property name="name" value="name12"/>
    </bean>

    <bean id="bean4" class="bean.Bean4">
        <property name="beans">
            <list>
                <ref bean="bean1"/>
            </list>
        </property>
        <property name="numbers">
            <list>
                <value>1</value>
            </list>
        </property>
        <property name="nameToBean1">
            <map>
                <entry key="key1" value-ref="bean1"/>
            </map>
        </property>
        <property name="properties">
            <props>
                <prop key="key1">value1</prop>
            </props>
        </property>
    </bean>
</beans>