<?xml version="1.0" encoding="UTF-8"?>
<c3p0-config>
	<default-config>
		<property name="acquireIncrement">10</property>
		<property name="initialPoolSize">20</property>
		<property name="minPoolSize">5</property>
		<property name="maxPoolSize">30</property>
		<property name="maxStatements">500</property>
		<property name="maxStatementsPerConnection">60</property>
		<property name="checkoutTimeout">600</property>
		<property name="maxIdleTime">120</property>
	</default-config>

	<named-config name="pool_extractor">
		<property name="driverClass">com.mysql.jdbc.Driver</property>
		<property name="jdbcUrl">jdbc:mysql://localhost:3306/information_schema?allowMultiQueries=true&amp;useUnicode=true&amp;characterEncoding=utf8&amp;autoReconnect=true&amp;rewriteBatchedStatements=true&amp;autoReconnectForPools=true</property>
		<property name="user">root</property>
		<property name="password">root</property>
	</named-config>
	
	<named-config name="wikidata">
		<property name="driverClass">com.mysql.jdbc.Driver</property>
		<!-- fangfang机器：109.123.112.97 -->
		<property name="jdbcUrl">jdbc:mysql://109.123.112.97:3306/wikidata?allowMultiQueries=true&amp;useUnicode=true&amp;characterEncoding=utf8&amp;autoReconnect=true&amp;autoReconnectForPools=true</property>
		<property name="user">root</property>
		<property name="password">123456</property>
	</named-config>
</c3p0-config>
